film_id,special_features
1,Deleted Scenes
1,Behind the Scenes
2,Trailers
2,Deleted Scenes
3,Trailers
3,Deleted Scenes
4,Commentaries
4,Behind the Scenes
5,Deleted Scenes
6,Deleted Scenes
7,Trailers
7,Deleted Scenes
8,Trailers
9,Trailers
9,Deleted Scenes
10,Trailers
10,Deleted Scenes
11,Commentaries
11,Behind the Scenes
12,Commentaries
12,Deleted Scenes
13,Deleted Scenes
13,Behind the Scenes
14,Trailers
14,Deleted Scenes
14,Behind the Scenes
15,Trailers
15,Commentaries
15,Behind the Scenes
16,Trailers
16,Commentaries
17,Trailers
17,Behind the Scenes
18,Trailers
18,Behind the Scenes
19,Commentaries
19,Deleted Scenes
19,Behind the Scenes
20,Commentaries
20,Deleted Scenes
20,Behind the Scenes
21,Commentaries
21,Behind the Scenes
22,Commentaries
22,Behind the Scenes
23,Trailers
23,Deleted Scenes
24,Trailers
24,Behind the Scenes
25,Trailers
26,Commentaries
26,Deleted Scenes
27,Deleted Scenes
27,Behind the Scenes
28,Deleted Scenes
28,Behind the Scenes
29,Trailers
29,Commentaries
29,Deleted Scenes
30,Trailers
30,Deleted Scenes
30,Behind the Scenes
31,Commentaries
31,Deleted Scenes
31,Behind the Scenes
32,Trailers
32,Commentaries
33,Trailers
33,Commentaries
33,Deleted Scenes
33,Behind the Scenes
34,Commentaries
34,Deleted Scenes
35,Trailers
35,Deleted Scenes
35,Behind the Scenes
36,Trailers
36,Commentaries
37,Trailers
37,Deleted Scenes
38,Trailers
38,Commentaries
38,Deleted Scenes
38,Behind the Scenes
39,Trailers
40,Trailers
40,Commentaries
41,Trailers
41,Deleted Scenes
41,Behind the Scenes
42,Trailers
42,Behind the Scenes
43,Behind the Scenes
44,Trailers
44,Behind the Scenes
45,Trailers
45,Behind the Scenes
46,Trailers
46,Commentaries
46,Deleted Scenes
46,Behind the Scenes
47,Commentaries
48,Trailers
48,Behind the Scenes
49,Trailers
49,Commentaries
49,Behind the Scenes
50,Commentaries
50,Behind the Scenes
51,Deleted Scenes
52,Commentaries
52,Deleted Scenes
53,Commentaries
53,Deleted Scenes
53,Behind the Scenes
54,Trailers
54,Commentaries
54,Deleted Scenes
55,Behind the Scenes
56,Trailers
56,Commentaries
57,Deleted Scenes
58,Deleted Scenes
58,Behind the Scenes
59,Deleted Scenes
60,Deleted Scenes
60,Behind the Scenes
61,Trailers
61,Commentaries
62,Trailers
62,Commentaries
62,Deleted Scenes
63,Trailers
63,Deleted Scenes
63,Behind the Scenes
64,Commentaries
64,Behind the Scenes
65,Trailers
65,Deleted Scenes
65,Behind the Scenes
66,Commentaries
66,Deleted Scenes
67,Deleted Scenes
68,Commentaries
68,Deleted Scenes
68,Behind the Scenes
69,Trailers
70,Commentaries
70,Deleted Scenes
71,Commentaries
71,Deleted Scenes
71,Behind the Scenes
72,Trailers
72,Commentaries
73,Trailers
73,Commentaries
74,Trailers
74,Commentaries
74,Deleted Scenes
75,Commentaries
75,Behind the Scenes
76,Commentaries
76,Deleted Scenes
76,Behind the Scenes
77,Trailers
77,Behind the Scenes
78,Trailers
78,Deleted Scenes
79,Trailers
79,Behind the Scenes
80,Trailers
81,Trailers
81,Behind the Scenes
82,Trailers
82,Commentaries
82,Behind the Scenes
83,Trailers
83,Deleted Scenes
83,Behind the Scenes
84,Trailers
84,Commentaries
85,Deleted Scenes
86,Commentaries
86,Behind the Scenes
87,Behind the Scenes
88,Trailers
88,Commentaries
88,Deleted Scenes
89,Commentaries
89,Deleted Scenes
89,Behind the Scenes
90,Trailers
91,Behind the Scenes
92,Trailers
92,Deleted Scenes
93,Trailers
94,Trailers
94,Deleted Scenes
95,Trailers
95,Commentaries
95,Deleted Scenes
96,Trailers
96,Commentaries
97,Trailers
97,Commentaries
97,Behind the Scenes
98,Trailers
99,Trailers
100,Commentaries
101,Behind the Scenes
102,Trailers
102,Commentaries
102,Deleted Scenes
102,Behind the Scenes
103,Commentaries
103,Deleted Scenes
104,Commentaries
105,Deleted Scenes
106,Trailers
107,Behind the Scenes
108,Trailers
108,Commentaries
108,Deleted Scenes
109,Behind the Scenes
110,Commentaries
110,Deleted Scenes
111,Commentaries
111,Deleted Scenes
112,Trailers
112,Commentaries
112,Behind the Scenes
113,Trailers
113,Commentaries
113,Deleted Scenes
114,Trailers
114,Commentaries
114,Deleted Scenes
114,Behind the Scenes
115,Behind the Scenes
116,Deleted Scenes
116,Behind the Scenes
117,Trailers
117,Deleted Scenes
118,Trailers
118,Deleted Scenes
119,Trailers
119,Commentaries
119,Deleted Scenes
120,Commentaries
120,Deleted Scenes
121,Trailers
121,Behind the Scenes
122,Trailers
122,Commentaries
122,Behind the Scenes
123,Trailers
123,Deleted Scenes
123,Behind the Scenes
124,Trailers
125,Commentaries
125,Behind the Scenes
126,Trailers
127,Commentaries
127,Deleted Scenes
128,Trailers
128,Behind the Scenes
129,Commentaries
129,Deleted Scenes
129,Behind the Scenes
130,Deleted Scenes
130,Behind the Scenes
131,Deleted Scenes
132,Deleted Scenes
132,Behind the Scenes
133,Trailers
134,Trailers
135,Commentaries
135,Deleted Scenes
135,Behind the Scenes
136,Behind the Scenes
137,Trailers
137,Deleted Scenes
137,Behind the Scenes
138,Deleted Scenes
138,Behind the Scenes
139,Trailers
139,Commentaries
140,Trailers
140,Commentaries
140,Behind the Scenes
141,Deleted Scenes
141,Behind the Scenes
142,Trailers
142,Commentaries
142,Deleted Scenes
142,Behind the Scenes
143,Trailers
143,Commentaries
143,Deleted Scenes
144,Trailers
144,Commentaries
144,Deleted Scenes
145,Trailers
145,Commentaries
145,Behind the Scenes
146,Commentaries
147,Commentaries
147,Behind the Scenes
148,Trailers
148,Commentaries
148,Behind the Scenes
149,Trailers
149,Commentaries
149,Behind the Scenes
150,Behind the Scenes
151,Deleted Scenes
152,Trailers
152,Deleted Scenes
152,Behind the Scenes
153,Commentaries
153,Deleted Scenes
154,Commentaries
154,Deleted Scenes
155,Trailers
155,Deleted Scenes
155,Behind the Scenes
156,Commentaries
157,Trailers
157,Commentaries
157,Deleted Scenes
157,Behind the Scenes
158,Behind the Scenes
159,Trailers
159,Behind the Scenes
160,Trailers
160,Deleted Scenes
161,Trailers
161,Commentaries
161,Behind the Scenes
162,Trailers
162,Deleted Scenes
162,Behind the Scenes
163,Commentaries
163,Deleted Scenes
163,Behind the Scenes
164,Trailers
164,Commentaries
164,Deleted Scenes
164,Behind the Scenes
165,Trailers
165,Deleted Scenes
166,Commentaries
166,Behind the Scenes
167,Commentaries
168,Trailers
168,Behind the Scenes
169,Commentaries
169,Behind the Scenes
170,Behind the Scenes
171,Trailers
171,Commentaries
171,Deleted Scenes
172,Deleted Scenes
172,Behind the Scenes
173,Behind the Scenes
174,Commentaries
175,Trailers
175,Commentaries
175,Deleted Scenes
175,Behind the Scenes
176,Commentaries
176,Behind the Scenes
177,Commentaries
177,Deleted Scenes
178,Deleted Scenes
178,Behind the Scenes
179,Commentaries
179,Deleted Scenes
179,Behind the Scenes
180,Trailers
180,Commentaries
181,Commentaries
182,Commentaries
183,Commentaries
184,Deleted Scenes
185,Commentaries
185,Deleted Scenes
185,Behind the Scenes
186,Deleted Scenes
186,Behind the Scenes
187,Commentaries
188,Commentaries
188,Deleted Scenes
189,Trailers
189,Deleted Scenes
190,Trailers
190,Behind the Scenes
191,Commentaries
191,Deleted Scenes
191,Behind the Scenes
192,Commentaries
192,Deleted Scenes
192,Behind the Scenes
193,Trailers
193,Commentaries
193,Behind the Scenes
194,Trailers
194,Commentaries
194,Behind the Scenes
195,Trailers
195,Behind the Scenes
196,Deleted Scenes
196,Behind the Scenes
197,Commentaries
198,Trailers
198,Commentaries
199,Behind the Scenes
200,Trailers
200,Commentaries
200,Deleted Scenes
200,Behind the Scenes
201,Trailers
201,Deleted Scenes
202,Deleted Scenes
202,Behind the Scenes
203,Trailers
203,Commentaries
203,Behind the Scenes
204,Trailers
204,Commentaries
204,Deleted Scenes
205,Trailers
205,Commentaries
205,Deleted Scenes
205,Behind the Scenes
206,Commentaries
206,Behind the Scenes
207,Commentaries
208,Commentaries
208,Behind the Scenes
209,Deleted Scenes
209,Behind the Scenes
210,Trailers
210,Commentaries
210,Deleted Scenes
210,Behind the Scenes
211,Commentaries
211,Behind the Scenes
212,Deleted Scenes
213,Commentaries
214,Trailers
215,Trailers
215,Deleted Scenes
215,Behind the Scenes
216,Trailers
216,Commentaries
216,Deleted Scenes
216,Behind the Scenes
217,Commentaries
217,Deleted Scenes
218,Trailers
218,Commentaries
218,Deleted Scenes
218,Behind the Scenes
219,Commentaries
219,Behind the Scenes
220,Deleted Scenes
221,Deleted Scenes
222,Trailers
222,Behind the Scenes
223,Deleted Scenes
224,Deleted Scenes
225,Trailers
225,Commentaries
225,Behind the Scenes
226,Trailers
226,Commentaries
226,Behind the Scenes
227,Commentaries
227,Deleted Scenes
228,Trailers
228,Commentaries
228,Behind the Scenes
229,Trailers
229,Behind the Scenes
230,Commentaries
230,Behind the Scenes
231,Trailers
231,Behind the Scenes
232,Commentaries
232,Deleted Scenes
232,Behind the Scenes
233,Trailers
233,Deleted Scenes
233,Behind the Scenes
234,Trailers
234,Behind the Scenes
235,Trailers
235,Commentaries
236,Trailers
236,Commentaries
237,Trailers
237,Commentaries
237,Deleted Scenes
238,Trailers
238,Commentaries
238,Behind the Scenes
239,Commentaries
240,Commentaries
240,Deleted Scenes
241,Trailers
241,Commentaries
241,Behind the Scenes
242,Trailers
242,Commentaries
243,Trailers
243,Commentaries
243,Deleted Scenes
243,Behind the Scenes
244,Commentaries
245,Trailers
245,Deleted Scenes
245,Behind the Scenes
246,Deleted Scenes
246,Behind the Scenes
247,Trailers
247,Commentaries
247,Deleted Scenes
248,Commentaries
248,Deleted Scenes
248,Behind the Scenes
249,Commentaries
250,Deleted Scenes
250,Behind the Scenes
251,Trailers
251,Behind the Scenes
252,Trailers
252,Commentaries
252,Behind the Scenes
253,Trailers
253,Behind the Scenes
254,Trailers
254,Deleted Scenes
254,Behind the Scenes
255,Trailers
255,Deleted Scenes
256,Trailers
256,Commentaries
257,Commentaries
257,Deleted Scenes
257,Behind the Scenes
258,Trailers
259,Behind the Scenes
260,Trailers
260,Deleted Scenes
261,Commentaries
262,Behind the Scenes
263,Trailers
263,Commentaries
264,Commentaries
264,Deleted Scenes
265,Behind the Scenes
266,Deleted Scenes
267,Trailers
267,Commentaries
267,Behind the Scenes
268,Trailers
268,Commentaries
268,Behind the Scenes
269,Behind the Scenes
270,Trailers
270,Commentaries
270,Deleted Scenes
271,Trailers
271,Commentaries
271,Behind the Scenes
272,Deleted Scenes
273,Commentaries
274,Commentaries
274,Behind the Scenes
275,Commentaries
275,Deleted Scenes
275,Behind the Scenes
276,Commentaries
276,Behind the Scenes
277,Behind the Scenes
278,Trailers
278,Commentaries
278,Behind the Scenes
279,Trailers
279,Deleted Scenes
279,Behind the Scenes
280,Deleted Scenes
281,Trailers
281,Behind the Scenes
282,Trailers
283,Commentaries
283,Behind the Scenes
284,Trailers
285,Deleted Scenes
286,Commentaries
287,Commentaries
287,Deleted Scenes
287,Behind the Scenes
288,Trailers
289,Trailers
289,Commentaries
289,Deleted Scenes
290,Trailers
290,Commentaries
291,Behind the Scenes
292,Commentaries
293,Commentaries
293,Deleted Scenes
293,Behind the Scenes
294,Deleted Scenes
295,Trailers
295,Behind the Scenes
296,Trailers
297,Trailers
297,Commentaries
297,Deleted Scenes
298,Trailers
298,Commentaries
299,Trailers
299,Commentaries
299,Deleted Scenes
300,Commentaries
300,Behind the Scenes
301,Trailers
302,Commentaries
303,Behind the Scenes
304,Deleted Scenes
305,Trailers
305,Behind the Scenes
306,Trailers
306,Deleted Scenes
307,Deleted Scenes
307,Behind the Scenes
308,Trailers
308,Deleted Scenes
308,Behind the Scenes
309,Trailers
309,Commentaries
309,Deleted Scenes
309,Behind the Scenes
310,Commentaries
310,Deleted Scenes
311,Trailers
311,Commentaries
311,Deleted Scenes
311,Behind the Scenes
312,Deleted Scenes
312,Behind the Scenes
313,Trailers
313,Deleted Scenes
313,Behind the Scenes
314,Trailers
314,Commentaries
314,Deleted Scenes
314,Behind the Scenes
315,Trailers
315,Commentaries
316,Trailers
317,Trailers
317,Commentaries
317,Behind the Scenes
318,Commentaries
318,Deleted Scenes
319,Trailers
319,Deleted Scenes
319,Behind the Scenes
320,Trailers
321,Trailers
321,Commentaries
321,Behind the Scenes
322,Trailers
322,Commentaries
322,Deleted Scenes
323,Trailers
324,Trailers
324,Commentaries
324,Deleted Scenes
324,Behind the Scenes
325,Trailers
325,Commentaries
325,Behind the Scenes
326,Trailers
326,Commentaries
326,Behind the Scenes
327,Trailers
327,Commentaries
328,Commentaries
328,Deleted Scenes
328,Behind the Scenes
329,Commentaries
330,Trailers
330,Behind the Scenes
331,Trailers
331,Commentaries
331,Behind the Scenes
332,Deleted Scenes
332,Behind the Scenes
333,Trailers
333,Behind the Scenes
334,Trailers
334,Commentaries
334,Behind the Scenes
335,Trailers
335,Commentaries
335,Behind the Scenes
336,Behind the Scenes
337,Trailers
337,Deleted Scenes
338,Commentaries
338,Deleted Scenes
338,Behind the Scenes
339,Trailers
339,Deleted Scenes
339,Behind the Scenes
340,Commentaries
340,Deleted Scenes
341,Trailers
341,Deleted Scenes
342,Trailers
342,Commentaries
342,Deleted Scenes
343,Trailers
343,Deleted Scenes
344,Deleted Scenes
345,Trailers
345,Commentaries
346,Deleted Scenes
347,Behind the Scenes
348,Trailers
349,Behind the Scenes
350,Trailers
350,Behind the Scenes
351,Trailers
351,Deleted Scenes
352,Commentaries
352,Behind the Scenes
353,Commentaries
353,Deleted Scenes
354,Trailers
354,Commentaries
354,Deleted Scenes
354,Behind the Scenes
355,Trailers
355,Deleted Scenes
355,Behind the Scenes
356,Trailers
356,Commentaries
357,Trailers
357,Commentaries
358,Trailers
358,Behind the Scenes
359,Commentaries
359,Deleted Scenes
360,Trailers
361,Trailers
361,Commentaries
362,Trailers
362,Commentaries
362,Behind the Scenes
363,Trailers
364,Trailers
365,Trailers
365,Commentaries
365,Deleted Scenes
365,Behind the Scenes
366,Trailers
366,Commentaries
366,Behind the Scenes
367,Trailers
367,Behind the Scenes
368,Deleted Scenes
368,Behind the Scenes
369,Deleted Scenes
370,Deleted Scenes
370,Behind the Scenes
371,Commentaries
372,Trailers
372,Commentaries
373,Trailers
373,Behind the Scenes
374,Trailers
374,Deleted Scenes
375,Commentaries
375,Deleted Scenes
375,Behind the Scenes
376,Commentaries
376,Behind the Scenes
377,Trailers
377,Deleted Scenes
378,Trailers
378,Commentaries
378,Behind the Scenes
379,Trailers
379,Commentaries
379,Deleted Scenes
380,Trailers
380,Deleted Scenes
381,Trailers
382,Trailers
382,Deleted Scenes
383,Behind the Scenes
384,Behind the Scenes
385,Trailers
385,Commentaries
385,Deleted Scenes
385,Behind the Scenes
386,Deleted Scenes
387,Behind the Scenes
388,Deleted Scenes
388,Behind the Scenes
389,Trailers
389,Commentaries
390,Trailers
390,Commentaries
390,Behind the Scenes
391,Trailers
391,Commentaries
391,Deleted Scenes
391,Behind the Scenes
392,Commentaries
392,Behind the Scenes
393,Deleted Scenes
394,Trailers
394,Deleted Scenes
395,Commentaries
395,Deleted Scenes
395,Behind the Scenes
396,Trailers
396,Commentaries
396,Deleted Scenes
397,Trailers
397,Commentaries
397,Deleted Scenes
398,Commentaries
398,Deleted Scenes
398,Behind the Scenes
399,Deleted Scenes
400,Trailers
400,Behind the Scenes
401,Commentaries
401,Deleted Scenes
401,Behind the Scenes
402,Trailers
403,Commentaries
403,Deleted Scenes
404,Trailers
404,Commentaries
404,Behind the Scenes
405,Trailers
405,Deleted Scenes
406,Behind the Scenes
407,Behind the Scenes
408,Trailers
408,Commentaries
409,Trailers
409,Deleted Scenes
410,Commentaries
411,Behind the Scenes
412,Deleted Scenes
413,Trailers
413,Commentaries
413,Behind the Scenes
414,Deleted Scenes
414,Behind the Scenes
415,Trailers
415,Commentaries
415,Behind the Scenes
416,Deleted Scenes
417,Trailers
417,Commentaries
417,Deleted Scenes
417,Behind the Scenes
418,Commentaries
419,Trailers
419,Deleted Scenes
419,Behind the Scenes
420,Commentaries
420,Behind the Scenes
421,Trailers
421,Commentaries
421,Behind the Scenes
422,Behind the Scenes
423,Trailers
423,Behind the Scenes
424,Deleted Scenes
425,Behind the Scenes
426,Trailers
426,Commentaries
426,Behind the Scenes
427,Trailers
428,Commentaries
429,Trailers
429,Commentaries
429,Deleted Scenes
430,Trailers
430,Commentaries
430,Behind the Scenes
431,Trailers
431,Commentaries
431,Deleted Scenes
432,Trailers
432,Deleted Scenes
432,Behind the Scenes
433,Trailers
434,Deleted Scenes
434,Behind the Scenes
435,Behind the Scenes
436,Trailers
436,Deleted Scenes
437,Commentaries
437,Deleted Scenes
437,Behind the Scenes
438,Trailers
438,Behind the Scenes
439,Trailers
439,Deleted Scenes
440,Deleted Scenes
440,Behind the Scenes
441,Commentaries
441,Deleted Scenes
441,Behind the Scenes
442,Trailers
442,Deleted Scenes
443,Trailers
443,Commentaries
443,Behind the Scenes
444,Trailers
444,Commentaries
444,Behind the Scenes
445,Trailers
445,Deleted Scenes
446,Trailers
446,Commentaries
446,Deleted Scenes
447,Deleted Scenes
448,Trailers
448,Commentaries
448,Deleted Scenes
448,Behind the Scenes
449,Deleted Scenes
450,Trailers
451,Trailers
451,Behind the Scenes
452,Commentaries
452,Behind the Scenes
453,Trailers
453,Commentaries
453,Deleted Scenes
454,Trailers
454,Deleted Scenes
455,Deleted Scenes
456,Deleted Scenes
457,Trailers
457,Behind the Scenes
458,Trailers
458,Commentaries
458,Deleted Scenes
458,Behind the Scenes
459,Trailers
459,Commentaries
460,Trailers
460,Deleted Scenes
460,Behind the Scenes
461,Trailers
461,Commentaries
461,Behind the Scenes
462,Commentaries
463,Commentaries
463,Deleted Scenes
464,Trailers
464,Behind the Scenes
465,Commentaries
465,Behind the Scenes
466,Commentaries
466,Behind the Scenes
467,Deleted Scenes
468,Trailers
468,Deleted Scenes
469,Commentaries
469,Behind the Scenes
470,Trailers
470,Commentaries
470,Deleted Scenes
471,Trailers
471,Commentaries
472,Trailers
472,Commentaries
472,Deleted Scenes
473,Trailers
473,Deleted Scenes
473,Behind the Scenes
474,Trailers
474,Commentaries
474,Behind the Scenes
475,Deleted Scenes
476,Trailers
476,Deleted Scenes
476,Behind the Scenes
477,Trailers
477,Behind the Scenes
478,Deleted Scenes
479,Trailers
479,Commentaries
479,Deleted Scenes
480,Trailers
480,Commentaries
480,Deleted Scenes
481,Commentaries
481,Deleted Scenes
481,Behind the Scenes
482,Trailers
482,Commentaries
483,Commentaries
484,Trailers
484,Commentaries
484,Deleted Scenes
484,Behind the Scenes
485,Deleted Scenes
485,Behind the Scenes
486,Trailers
486,Commentaries
486,Behind the Scenes
487,Trailers
487,Commentaries
488,Trailers
488,Commentaries
488,Behind the Scenes
489,Trailers
489,Commentaries
490,Commentaries
490,Behind the Scenes
491,Commentaries
491,Behind the Scenes
492,Trailers
492,Commentaries
492,Deleted Scenes
493,Trailers
493,Commentaries
494,Behind the Scenes
495,Trailers
495,Commentaries
495,Deleted Scenes
495,Behind the Scenes
496,Trailers
496,Commentaries
496,Deleted Scenes
497,Trailers
497,Commentaries
498,Trailers
498,Commentaries
498,Deleted Scenes
499,Trailers
499,Deleted Scenes
499,Behind the Scenes
500,Trailers
500,Commentaries
500,Behind the Scenes
501,Trailers
502,Trailers
503,Trailers
504,Trailers
504,Commentaries
505,Commentaries
505,Behind the Scenes
506,Trailers
506,Deleted Scenes
506,Behind the Scenes
507,Deleted Scenes
508,Trailers
508,Behind the Scenes
509,Trailers
509,Deleted Scenes
510,Deleted Scenes
510,Behind the Scenes
511,Commentaries
511,Deleted Scenes
511,Behind the Scenes
512,Trailers
513,Trailers
513,Commentaries
513,Behind the Scenes
514,Commentaries
514,Deleted Scenes
515,Trailers
515,Commentaries
515,Behind the Scenes
516,Commentaries
516,Deleted Scenes
517,Deleted Scenes
517,Behind the Scenes
518,Commentaries
518,Behind the Scenes
519,Commentaries
519,Deleted Scenes
519,Behind the Scenes
520,Deleted Scenes
520,Behind the Scenes
521,Commentaries
521,Deleted Scenes
521,Behind the Scenes
522,Commentaries
522,Deleted Scenes
523,Commentaries
524,Trailers
524,Deleted Scenes
525,Deleted Scenes
526,Trailers
526,Commentaries
527,Trailers
527,Commentaries
528,Trailers
528,Deleted Scenes
529,Trailers
529,Commentaries
529,Deleted Scenes
529,Behind the Scenes
530,Trailers
531,Trailers
531,Commentaries
532,Deleted Scenes
532,Behind the Scenes
533,Deleted Scenes
534,Trailers
535,Trailers
535,Behind the Scenes
536,Trailers
536,Behind the Scenes
537,Trailers
538,Trailers
538,Behind the Scenes
539,Trailers
539,Commentaries
539,Behind the Scenes
540,Trailers
540,Commentaries
540,Behind the Scenes
541,Trailers
541,Behind the Scenes
542,Trailers
542,Commentaries
542,Behind the Scenes
543,Deleted Scenes
543,Behind the Scenes
544,Commentaries
544,Deleted Scenes
544,Behind the Scenes
545,Trailers
546,Trailers
546,Commentaries
546,Deleted Scenes
547,Trailers
547,Commentaries
548,Commentaries
548,Deleted Scenes
549,Trailers
549,Commentaries
549,Deleted Scenes
550,Trailers
550,Commentaries
551,Behind the Scenes
552,Trailers
553,Deleted Scenes
553,Behind the Scenes
554,Behind the Scenes
555,Trailers
555,Commentaries
555,Deleted Scenes
556,Behind the Scenes
557,Trailers
557,Commentaries
558,Trailers
558,Commentaries
558,Deleted Scenes
559,Behind the Scenes
560,Commentaries
560,Deleted Scenes
561,Commentaries
561,Deleted Scenes
562,Commentaries
562,Behind the Scenes
563,Commentaries
564,Commentaries
564,Behind the Scenes
565,Commentaries
565,Deleted Scenes
565,Behind the Scenes
566,Trailers
566,Behind the Scenes
567,Trailers
568,Behind the Scenes
569,Trailers
569,Commentaries
569,Deleted Scenes
570,Trailers
570,Behind the Scenes
571,Trailers
571,Commentaries
571,Deleted Scenes
572,Trailers
572,Commentaries
572,Behind the Scenes
573,Commentaries
574,Trailers
574,Deleted Scenes
575,Trailers
575,Deleted Scenes
576,Behind the Scenes
577,Deleted Scenes
577,Behind the Scenes
578,Deleted Scenes
579,Deleted Scenes
579,Behind the Scenes
580,Trailers
580,Deleted Scenes
581,Trailers
582,Trailers
582,Deleted Scenes
583,Behind the Scenes
584,Behind the Scenes
585,Trailers
586,Behind the Scenes
587,Commentaries
587,Behind the Scenes
588,Trailers
588,Commentaries
588,Behind the Scenes
589,Trailers
589,Commentaries
589,Deleted Scenes
590,Trailers
590,Commentaries
591,Commentaries
591,Behind the Scenes
592,Commentaries
592,Behind the Scenes
593,Trailers
593,Commentaries
594,Trailers
595,Deleted Scenes
595,Behind the Scenes
596,Behind the Scenes
597,Trailers
597,Deleted Scenes
598,Trailers
599,Trailers
599,Commentaries
600,Trailers
600,Commentaries
600,Behind the Scenes
601,Trailers
602,Trailers
602,Commentaries
602,Deleted Scenes
602,Behind the Scenes
603,Commentaries
603,Deleted Scenes
603,Behind the Scenes
604,Behind the Scenes
605,Trailers
605,Deleted Scenes
605,Behind the Scenes
606,Trailers
606,Behind the Scenes
607,Trailers
607,Deleted Scenes
608,Trailers
608,Deleted Scenes
608,Behind the Scenes
609,Deleted Scenes
610,Trailers
610,Commentaries
610,Behind the Scenes
611,Deleted Scenes
611,Behind the Scenes
612,Deleted Scenes
612,Behind the Scenes
613,Commentaries
613,Behind the Scenes
614,Trailers
614,Commentaries
614,Behind the Scenes
615,Commentaries
615,Behind the Scenes
616,Trailers
617,Commentaries
617,Deleted Scenes
618,Trailers
618,Commentaries
618,Behind the Scenes
619,Trailers
619,Commentaries
619,Deleted Scenes
620,Trailers
621,Commentaries
621,Deleted Scenes
621,Behind the Scenes
622,Trailers
622,Deleted Scenes
623,Trailers
623,Commentaries
623,Deleted Scenes
623,Behind the Scenes
624,Trailers
624,Deleted Scenes
624,Behind the Scenes
625,Trailers
625,Commentaries
626,Behind the Scenes
627,Commentaries
627,Deleted Scenes
627,Behind the Scenes
628,Trailers
629,Trailers
629,Commentaries
629,Deleted Scenes
630,Trailers
630,Commentaries
631,Trailers
631,Commentaries
631,Deleted Scenes
632,Trailers
632,Behind the Scenes
633,Trailers
633,Commentaries
633,Behind the Scenes
634,Trailers
634,Commentaries
634,Behind the Scenes
635,Behind the Scenes
636,Commentaries
636,Deleted Scenes
637,Trailers
637,Commentaries
638,Trailers
638,Commentaries
638,Deleted Scenes
638,Behind the Scenes
639,Deleted Scenes
640,Commentaries
640,Deleted Scenes
641,Trailers
641,Commentaries
642,Deleted Scenes
642,Behind the Scenes
643,Commentaries
643,Deleted Scenes
644,Behind the Scenes
645,Deleted Scenes
646,Trailers
646,Deleted Scenes
646,Behind the Scenes
647,Trailers
647,Deleted Scenes
648,Trailers
648,Commentaries
649,Commentaries
649,Deleted Scenes
649,Behind the Scenes
650,Trailers
650,Commentaries
650,Deleted Scenes
650,Behind the Scenes
651,Trailers
652,Trailers
652,Deleted Scenes
653,Commentaries
653,Deleted Scenes
654,Trailers
654,Commentaries
654,Deleted Scenes
654,Behind the Scenes
655,Deleted Scenes
655,Behind the Scenes
656,Trailers
656,Deleted Scenes
656,Behind the Scenes
657,Commentaries
657,Deleted Scenes
657,Behind the Scenes
658,Trailers
658,Commentaries
658,Deleted Scenes
658,Behind the Scenes
659,Trailers
659,Deleted Scenes
660,Trailers
660,Behind the Scenes
661,Trailers
661,Deleted Scenes
661,Behind the Scenes
662,Trailers
662,Behind the Scenes
663,Trailers
663,Commentaries
664,Trailers
664,Deleted Scenes
665,Commentaries
666,Commentaries
666,Deleted Scenes
667,Commentaries
667,Behind the Scenes
668,Trailers
668,Commentaries
668,Deleted Scenes
668,Behind the Scenes
669,Trailers
670,Commentaries
670,Deleted Scenes
671,Trailers
671,Behind the Scenes
672,Commentaries
672,Deleted Scenes
672,Behind the Scenes
673,Deleted Scenes
673,Behind the Scenes
674,Trailers
674,Commentaries
675,Commentaries
675,Behind the Scenes
676,Trailers
676,Commentaries
676,Deleted Scenes
677,Trailers
677,Commentaries
677,Deleted Scenes
678,Trailers
678,Commentaries
678,Deleted Scenes
678,Behind the Scenes
679,Trailers
679,Deleted Scenes
680,Commentaries
680,Behind the Scenes
681,Commentaries
681,Deleted Scenes
682,Trailers
682,Deleted Scenes
682,Behind the Scenes
683,Commentaries
684,Commentaries
685,Trailers
685,Commentaries
686,Behind the Scenes
687,Commentaries
687,Deleted Scenes
687,Behind the Scenes
688,Trailers
688,Commentaries
688,Deleted Scenes
688,Behind the Scenes
689,Commentaries
690,Trailers
690,Commentaries
690,Behind the Scenes
691,Commentaries
692,Behind the Scenes
693,Trailers
693,Commentaries
694,Trailers
694,Commentaries
694,Deleted Scenes
695,Behind the Scenes
696,Deleted Scenes
697,Trailers
697,Deleted Scenes
697,Behind the Scenes
698,Trailers
698,Deleted Scenes
699,Trailers
700,Trailers
700,Deleted Scenes
701,Behind the Scenes
702,Trailers
702,Behind the Scenes
703,Trailers
703,Commentaries
703,Deleted Scenes
704,Trailers
704,Deleted Scenes
705,Commentaries
705,Deleted Scenes
706,Commentaries
706,Deleted Scenes
706,Behind the Scenes
707,Behind the Scenes
708,Trailers
708,Behind the Scenes
709,Trailers
709,Commentaries
709,Deleted Scenes
710,Trailers
710,Behind the Scenes
711,Commentaries
711,Deleted Scenes
712,Deleted Scenes
713,Trailers
713,Commentaries
713,Deleted Scenes
713,Behind the Scenes
714,Trailers
715,Trailers
715,Commentaries
715,Deleted Scenes
716,Trailers
716,Commentaries
717,Trailers
717,Commentaries
717,Deleted Scenes
718,Trailers
718,Behind the Scenes
719,Behind the Scenes
720,Trailers
720,Deleted Scenes
720,Behind the Scenes
721,Trailers
721,Behind the Scenes
722,Behind the Scenes
723,Deleted Scenes
723,Behind the Scenes
724,Trailers
724,Commentaries
725,Trailers
725,Commentaries
725,Behind the Scenes
726,Commentaries
727,Trailers
727,Deleted Scenes
728,Commentaries
729,Commentaries
729,Behind the Scenes
730,Commentaries
730,Deleted Scenes
730,Behind the Scenes
731,Trailers
731,Commentaries
731,Deleted Scenes
732,Trailers
732,Commentaries
732,Behind the Scenes
733,Commentaries
734,Behind the Scenes
735,Commentaries
736,Trailers
737,Trailers
737,Commentaries
737,Deleted Scenes
737,Behind the Scenes
738,Deleted Scenes
738,Behind the Scenes
739,Trailers
739,Commentaries
739,Behind the Scenes
740,Trailers
740,Commentaries
740,Deleted Scenes
741,Trailers
742,Deleted Scenes
742,Behind the Scenes
743,Trailers
743,Deleted Scenes
743,Behind the Scenes
744,Commentaries
744,Deleted Scenes
744,Behind the Scenes
745,Commentaries
745,Deleted Scenes
745,Behind the Scenes
746,Commentaries
746,Deleted Scenes
746,Behind the Scenes
747,Deleted Scenes
747,Behind the Scenes
748,Trailers
748,Commentaries
748,Deleted Scenes
748,Behind the Scenes
749,Deleted Scenes
749,Behind the Scenes
750,Commentaries
750,Deleted Scenes
750,Behind the Scenes
751,Commentaries
752,Commentaries
752,Deleted Scenes
752,Behind the Scenes
753,Deleted Scenes
754,Trailers
754,Commentaries
754,Deleted Scenes
755,Trailers
755,Behind the Scenes
756,Trailers
756,Deleted Scenes
757,Trailers
758,Deleted Scenes
759,Trailers
759,Commentaries
759,Deleted Scenes
759,Behind the Scenes
760,Commentaries
761,Commentaries
761,Behind the Scenes
762,Deleted Scenes
762,Behind the Scenes
763,Commentaries
763,Deleted Scenes
763,Behind the Scenes
764,Commentaries
764,Deleted Scenes
765,Trailers
765,Commentaries
765,Deleted Scenes
765,Behind the Scenes
766,Commentaries
766,Deleted Scenes
766,Behind the Scenes
767,Commentaries
767,Behind the Scenes
768,Commentaries
768,Deleted Scenes
769,Trailers
770,Commentaries
770,Deleted Scenes
770,Behind the Scenes
771,Commentaries
771,Deleted Scenes
772,Deleted Scenes
773,Commentaries
773,Deleted Scenes
773,Behind the Scenes
774,Trailers
774,Commentaries
774,Deleted Scenes
774,Behind the Scenes
775,Trailers
776,Commentaries
776,Deleted Scenes
777,Commentaries
777,Behind the Scenes
778,Trailers
778,Commentaries
779,Deleted Scenes
779,Behind the Scenes
780,Behind the Scenes
781,Deleted Scenes
782,Commentaries
782,Behind the Scenes
783,Commentaries
783,Deleted Scenes
784,Commentaries
784,Deleted Scenes
784,Behind the Scenes
785,Commentaries
785,Deleted Scenes
786,Deleted Scenes
787,Trailers
787,Commentaries
787,Deleted Scenes
787,Behind the Scenes
788,Commentaries
789,Trailers
789,Commentaries
789,Behind the Scenes
790,Trailers
791,Deleted Scenes
792,Commentaries
793,Trailers
793,Deleted Scenes
793,Behind the Scenes
794,Deleted Scenes
794,Behind the Scenes
795,Trailers
795,Deleted Scenes
796,Commentaries
796,Deleted Scenes
797,Trailers
797,Deleted Scenes
797,Behind the Scenes
798,Trailers
798,Commentaries
799,Trailers
799,Commentaries
800,Trailers
800,Commentaries
800,Deleted Scenes
801,Trailers
801,Behind the Scenes
802,Trailers
802,Commentaries
802,Deleted Scenes
803,Trailers
803,Commentaries
803,Behind the Scenes
804,Trailers
804,Commentaries
805,Trailers
805,Deleted Scenes
805,Behind the Scenes
806,Trailers
806,Commentaries
806,Deleted Scenes
807,Deleted Scenes
807,Behind the Scenes
808,Behind the Scenes
809,Trailers
809,Deleted Scenes
810,Commentaries
810,Deleted Scenes
810,Behind the Scenes
811,Commentaries
811,Behind the Scenes
812,Behind the Scenes
813,Behind the Scenes
814,Commentaries
815,Commentaries
816,Trailers
817,Trailers
817,Commentaries
817,Deleted Scenes
817,Behind the Scenes
818,Commentaries
818,Behind the Scenes
819,Trailers
819,Deleted Scenes
820,Commentaries
820,Behind the Scenes
821,Trailers
821,Deleted Scenes
822,Behind the Scenes
823,Commentaries
823,Behind the Scenes
824,Deleted Scenes
824,Behind the Scenes
825,Deleted Scenes
825,Behind the Scenes
826,Commentaries
826,Behind the Scenes
827,Trailers
827,Commentaries
827,Deleted Scenes
827,Behind the Scenes
828,Trailers
828,Deleted Scenes
828,Behind the Scenes
829,Commentaries
829,Deleted Scenes
830,Commentaries
830,Deleted Scenes
831,Commentaries
831,Behind the Scenes
832,Trailers
832,Commentaries
832,Deleted Scenes
832,Behind the Scenes
833,Trailers
833,Commentaries
833,Deleted Scenes
833,Behind the Scenes
834,Trailers
834,Commentaries
834,Deleted Scenes
834,Behind the Scenes
835,Trailers
835,Commentaries
835,Deleted Scenes
835,Behind the Scenes
836,Commentaries
836,Deleted Scenes
836,Behind the Scenes
837,Commentaries
837,Behind the Scenes
838,Trailers
838,Deleted Scenes
839,Deleted Scenes
839,Behind the Scenes
840,Commentaries
840,Deleted Scenes
840,Behind the Scenes
841,Commentaries
842,Trailers
842,Commentaries
842,Deleted Scenes
842,Behind the Scenes
843,Commentaries
843,Deleted Scenes
844,Trailers
844,Commentaries
844,Deleted Scenes
844,Behind the Scenes
845,Deleted Scenes
845,Behind the Scenes
846,Commentaries
846,Deleted Scenes
846,Behind the Scenes
847,Commentaries
848,Trailers
849,Trailers
849,Commentaries
849,Behind the Scenes
850,Trailers
850,Behind the Scenes
851,Commentaries
851,Behind the Scenes
852,Trailers
852,Commentaries
852,Deleted Scenes
853,Commentaries
853,Deleted Scenes
854,Trailers
854,Behind the Scenes
855,Trailers
855,Behind the Scenes
856,Commentaries
857,Commentaries
857,Deleted Scenes
857,Behind the Scenes
858,Trailers
859,Trailers
859,Commentaries
859,Behind the Scenes
860,Deleted Scenes
861,Commentaries
862,Deleted Scenes
862,Behind the Scenes
863,Trailers
863,Behind the Scenes
864,Commentaries
864,Behind the Scenes
865,Behind the Scenes
866,Commentaries
866,Behind the Scenes
867,Trailers
867,Commentaries
867,Behind the Scenes
868,Commentaries
868,Behind the Scenes
869,Trailers
870,Trailers
870,Commentaries
871,Deleted Scenes
871,Behind the Scenes
872,Deleted Scenes
873,Trailers
873,Commentaries
873,Deleted Scenes
873,Behind the Scenes
874,Trailers
874,Commentaries
875,Commentaries
875,Deleted Scenes
875,Behind the Scenes
876,Trailers
877,Commentaries
877,Deleted Scenes
878,Trailers
878,Deleted Scenes
878,Behind the Scenes
879,Commentaries
880,Trailers
880,Commentaries
880,Deleted Scenes
880,Behind the Scenes
881,Commentaries
881,Deleted Scenes
882,Trailers
882,Commentaries
883,Commentaries
883,Behind the Scenes
884,Trailers
884,Deleted Scenes
884,Behind the Scenes
885,Trailers
886,Deleted Scenes
886,Behind the Scenes
887,Deleted Scenes
887,Behind the Scenes
888,Behind the Scenes
889,Deleted Scenes
890,Trailers
890,Behind the Scenes
891,Commentaries
892,Trailers
892,Commentaries
892,Deleted Scenes
892,Behind the Scenes
893,Behind the Scenes
894,Behind the Scenes
895,Commentaries
896,Commentaries
896,Deleted Scenes
896,Behind the Scenes
897,Trailers
897,Commentaries
898,Deleted Scenes
899,Commentaries
899,Behind the Scenes
900,Behind the Scenes
901,Trailers
901,Commentaries
901,Behind the Scenes
902,Trailers
902,Deleted Scenes
902,Behind the Scenes
903,Trailers
903,Commentaries
904,Trailers
904,Deleted Scenes
905,Trailers
906,Deleted Scenes
907,Trailers
908,Commentaries
908,Behind the Scenes
909,Trailers
909,Commentaries
909,Deleted Scenes
909,Behind the Scenes
910,Trailers
910,Deleted Scenes
910,Behind the Scenes
911,Commentaries
911,Deleted Scenes
912,Commentaries
912,Deleted Scenes
913,Deleted Scenes
913,Behind the Scenes
914,Trailers
914,Commentaries
914,Behind the Scenes
915,Trailers
915,Commentaries
916,Commentaries
916,Behind the Scenes
917,Commentaries
917,Deleted Scenes
917,Behind the Scenes
918,Trailers
918,Commentaries
918,Deleted Scenes
919,Trailers
919,Commentaries
919,Deleted Scenes
920,Deleted Scenes
920,Behind the Scenes
921,Trailers
921,Commentaries
921,Behind the Scenes
922,Commentaries
923,Commentaries
923,Deleted Scenes
924,Trailers
924,Commentaries
924,Behind the Scenes
925,Trailers
925,Deleted Scenes
926,Trailers
926,Deleted Scenes
927,Trailers
927,Behind the Scenes
928,Commentaries
929,Trailers
929,Commentaries
929,Behind the Scenes
930,Commentaries
931,Trailers
931,Behind the Scenes
932,Commentaries
932,Deleted Scenes
933,Trailers
933,Commentaries
934,Deleted Scenes
934,Behind the Scenes
935,Trailers
935,Commentaries
935,Deleted Scenes
936,Trailers
936,Commentaries
936,Behind the Scenes
937,Commentaries
937,Deleted Scenes
938,Behind the Scenes
939,Commentaries
939,Behind the Scenes
940,Trailers
940,Behind the Scenes
941,Commentaries
941,Deleted Scenes
941,Behind the Scenes
942,Deleted Scenes
942,Behind the Scenes
943,Trailers
943,Commentaries
944,Trailers
944,Behind the Scenes
945,Deleted Scenes
946,Commentaries
946,Deleted Scenes
947,Commentaries
947,Deleted Scenes
948,Commentaries
948,Behind the Scenes
949,Trailers
949,Commentaries
949,Deleted Scenes
949,Behind the Scenes
950,Commentaries
951,Commentaries
951,Behind the Scenes
952,Deleted Scenes
952,Behind the Scenes
953,Trailers
954,Trailers
954,Commentaries
954,Deleted Scenes
954,Behind the Scenes
955,Trailers
955,Behind the Scenes
956,Commentaries
956,Deleted Scenes
956,Behind the Scenes
957,Deleted Scenes
957,Behind the Scenes
958,Trailers
958,Commentaries
959,Commentaries
959,Behind the Scenes
960,Commentaries
960,Behind the Scenes
961,Commentaries
962,Trailers
962,Deleted Scenes
962,Behind the Scenes
963,Trailers
963,Deleted Scenes
963,Behind the Scenes
964,Behind the Scenes
965,Commentaries
966,Trailers
967,Trailers
967,Commentaries
967,Deleted Scenes
967,Behind the Scenes
968,Trailers
968,Behind the Scenes
969,Trailers
970,Commentaries
970,Deleted Scenes
971,Commentaries
971,Deleted Scenes
971,Behind the Scenes
972,Trailers
972,Deleted Scenes
973,Deleted Scenes
973,Behind the Scenes
974,Trailers
974,Commentaries
974,Deleted Scenes
974,Behind the Scenes
975,Trailers
975,Commentaries
975,Behind the Scenes
976,Commentaries
976,Deleted Scenes
977,Deleted Scenes
977,Behind the Scenes
978,Deleted Scenes
978,Behind the Scenes
979,Commentaries
979,Behind the Scenes
980,Commentaries
980,Deleted Scenes
980,Behind the Scenes
981,Behind the Scenes
982,Deleted Scenes
982,Behind the Scenes
983,Behind the Scenes
984,Commentaries
985,Commentaries
986,Trailers
986,Commentaries
987,Trailers
987,Commentaries
987,Deleted Scenes
988,Trailers
988,Commentaries
988,Behind the Scenes
989,Commentaries
989,Deleted Scenes
990,Trailers
990,Behind the Scenes
991,Deleted Scenes
991,Behind the Scenes
992,Trailers
992,Commentaries
993,Trailers
993,Behind the Scenes
994,Deleted Scenes
995,Trailers
995,Commentaries
995,Deleted Scenes
996,Trailers
996,Behind the Scenes
997,Trailers
997,Behind the Scenes
998,Deleted Scenes
999,Trailers
999,Deleted Scenes
1000,Trailers
1000,Commentaries
1000,Behind the Scenes
